Datum;Tagesmittel;Minimum;Maximum
2024-01-01;-1,2;-1,9;-0,7
2024-01-02;-0,5;-2,4;2,6
2024-01-03;1,6;0,1;2,5
2024-01-04;-0,1;-1,7;0,7
2024-01-05;-0,5;-1,7;0,0
2024-01-06;-2,0;-4,2;-0,8
2024-01-07;-8,9;-11,9;-4,2
2024-01-08;-12,1;-14,1;-10,1
2024-01-09;-10,3;-12,1;-8,2
2024-01-10;-7,4;-11,1;-3,3
2024-01-11;-4,9;-10,2;-1,1
2024-01-12;-6,4;-8,3;-4,8
2024-01-13;-6,6;-7,5;-5,1
2024-01-14;-5,6;-6,5;-5,1
2024-01-15;-7,4;-8,3;-6,5
2024-01-16;-7,7;-9,0;-6,6
2024-01-17;-5,1;-9,5;0,7
2024-01-18;-5,5;-8,5;1,2
2024-01-19;-8,8;-10,6;-7,0
2024-01-20;-8,8;-10,5;-5,5
2024-01-21;-3,9;-7,8;-0,6
2024-01-22;-0,3;-1,9;1,5
2024-01-23;-1,7;-2,4;-0,7
2024-01-24;1,3;-0,9;3,8
2024-01-25;-1,3;-3,1;-0,1
2024-01-26;0,0;-3,3;3,1
2024-01-27;-3,5;-4,4;-1,4
2024-01-28;0,9;-4,4;4,9
2024-01-29;5,5;1,8;8,0
2024-01-30;4,4;2,3;7,0
2024-01-31;-0,1;-2,4;2,5
2024-02-01;-1,4;-3,3;0,1
2024-02-02;-1,9;-3,8;0,2
2024-02-03;1,4;0,2;2,3
2024-02-04;2,0;1,4;2,8
2024-02-05;2,2;0,0;3,2
2024-02-06;0,0;-1,0;0,8
2024-02-07;-0,8;-4,1;1,9
2024-02-08;0,8;-3,0;3,9
2024-02-09;3,7;2,4;4,4
2024-02-10;3,8;2,6;7,0
2024-02-11;2,1;0,2;3,4
2024-02-12;0,2;-0,8;1,7
2024-02-13;-1,9;-3,2;-0,1
2024-02-14;0,4;-2,4;3,5
2024-02-15;4,4;3,5;5,9
2024-02-16;7,4;4,6;9,7
2024-02-17;3,0;1,1;6,0
2024-02-18;1,6;-0,7;4,9
2024-02-19;0,8;-0,4;2,0
2024-02-20;0,0;-0,6;1,0
2024-02-21;1,1;-0,8;4,5
2024-02-22;2,5;0,4;4,1
2024-02-23;-1,1;-3,0;3,4
2024-02-24;-1,1;-3,2;1,5
2024-02-25;0,1;-1,8;4,6
2024-02-26;0,6;-1,8;4,2
2024-02-27;0,2;-1,5;2,0
2024-02-28;-0,4;-1,7;2,3
2024-02-29;-0,2;-2,1;3,4
2024-03-01;4,5;2,6;7,3
2024-03-02;2,4;1,3;5,0
2024-03-03;2,3;1,2;3,7
2024-03-04;5,4;2,5;10,4
2024-03-05;1,3;0,1;2,5
2024-03-06;-0,9;-4,7;1,9
2024-03-07;-3,5;-5,2;-1,6
2024-03-08;-3,5;-5,4;-1,1
2024-03-09;-1,3;-3,4;1,2
2024-03-10;1,2;-0,5;3,3
2024-03-11;2,6;0,2;7,8
2024-03-12;1,3;0,1;3,4
2024-03-13;1,2;-0,7;3,0
2024-03-14;4,4;2,4;6,7
2024-03-15;6,1;4,1;12,1
2024-03-16;2,6;-2,4;5,4
2024-03-17;-0,3;-2,6;5,4
2024-03-18;1,2;-2,1;6,5
2024-03-19;3,0;-0,9;8,6
2024-03-20;4,9;1,6;9,3
2024-03-21;4,9;1,0;9,0
2024-03-22;4,4;-0,2;9,1
2024-03-23;0,7;-3,7;4,8
2024-03-24;-2,8;-4,2;-1,5
2024-03-25;-1,6;-2,8;1,8
2024-03-26;0,7;-3,7;4,9
2024-03-27;6,0;1,4;12,4
2024-03-28;1,2;-1,0;5,5
2024-03-29;5,5;-0,6;10,4
2024-03-30;11,5;9,7;15,7
2024-03-31;10,7;8,8;14,6
2024-04-01;6,2;0,5;11,2
2024-04-02;2,2;0,9;4,6
2024-04-03;3,1;0,4;5,1
2024-04-04;4,2;1,5;6,0
2024-04-05;7,4;3,1;12,1
2024-04-06;13,4;7,8;19,4
2024-04-07;15,7;14,4;19,9
2024-04-08;17,2;14,0;21,4
2024-04-09;12,2;0,4;18,7
2024-04-10;2,6;0,4;5,9
2024-04-11;6,9;1,5;14,4
2024-04-12;10,0;5,0;16,7
2024-04-13;11,4;6,8;17,7
2024-04-14;10,6;6,0;15,6
2024-04-15;5,0;-2,7;10,2
2024-04-16;-1,3;-3,2;1,9
2024-04-17;-1,3;-3,1;2,0
2024-04-18;-1,8;-3,0;0,1
2024-04-19;-1,7;-2,6;-0,9
2024-04-20;-2,6;-3,6;-1,5
2024-04-21;-3,8;-5,4;-2,4
2024-04-22;-4,5;-6,9;-2,0
2024-04-23;-2,9;-7,6;2,8
2024-04-24;-1,8;-4,0;1,8
2024-04-25;-1,8;-3,8;1,6
2024-04-26;2,1;-2,6;6,3
2024-04-27;8,1;3,1;13,6
2024-04-28;10,2;4,7;14,7
2024-04-29;11,7;5,4;17,2
2024-04-30;14,1;8,4;18,7
2024-05-01;11,1;7,0;16,2
2024-05-02;10,4;6,3;14,6
2024-05-03;7,2;5,3;10,0
2024-05-04;8,5;4,9;13,8
2024-05-05;8,9;6,5;12,7
2024-05-06;8,4;6,4;10,6
2024-05-07;5,1;3,2;7,8
2024-05-08;4,6;3,3;6,3
2024-05-09;7,7;4,0;12,3
2024-05-10;9,3;5,4;14,1
2024-05-11;10,4;7,2;15,2
2024-05-12;9,7;6,8;14,5
2024-05-13;10,9;6,7;15,2
2024-05-14;10,8;5,9;15,3
2024-05-15;11,0;5,5;16,2
2024-05-16;8,2;5,9;10,7
2024-05-17;6,3;5,7;6,8
2024-05-18;7,5;5,3;12,1
2024-05-19;8,9;6,6;13,5
2024-05-20;11,2;6,7;17,0
2024-05-21;11,3;9,2;13,7
2024-05-22;9,1;7,8;12,0
2024-05-23;10,5;6,9;14,5
2024-05-24;9,7;8,3;13,2
2024-05-25;10,6;8,1;15,6
2024-05-26;12,1;8,3;17,5
2024-05-27;12,2;9,9;14,9
2024-05-28;8,4;4,9;11,3
2024-05-29;9,2;4,8;13,6
2024-05-30;9,1;7,9;11,2
2024-05-31;9,3;7,4;11,7
2024-06-01;10,4;9,4;14,3
2024-06-02;10,6;8,4;12,8
2024-06-03;8,0;5,6;10,7
2024-06-04;9,3;4,9;14,4
2024-06-05;11,1;8,8;16,3
2024-06-06;11,4;7,1;17,0
2024-06-07;11,7;8,8;16,4
2024-06-08;13,7;9,0;19,8
2024-06-09;11,2;6,1;15,5
2024-06-10;11,0;6,5;17,5
2024-06-11;6,3;2,7;11,7
2024-06-12;6,9;2,8;10,9
2024-06-13;6,8;4,0;10,2
2024-06-14;8,0;5,5;9,9
2024-06-15;9,9;7,8;13,3
2024-06-16;11,4;6,6;15,7
2024-06-17;13,3;9,9;18,3
2024-06-18;16,6;10,2;22,5
2024-06-19;12,8;7,2;17,5
2024-06-20;11,7;6,3;17,9
2024-06-21;16,8;11,4;21,9
2024-06-22;11,8;8,4;16,6
2024-06-23;12,4;9,9;16,8
2024-06-24;13,4;9,2;18,3
2024-06-25;14,5;9,4;18,9
2024-06-26;17,3;12,9;22,1
2024-06-27;16,8;14,3;21,5
2024-06-28;17,8;13,6;23,1
2024-06-29;18,9;12,9;23,3
2024-06-30;16,0;10,4;19,7
2024-07-01;10,1;6,5;14,4
2024-07-02;8,1;5,9;11,7
2024-07-03;8,0;5,6;10,8
2024-07-04;7,2;4,5;11,9
2024-07-05;10,3;7,7;14,8
2024-07-06;15,0;11,1;23,5
2024-07-07;10,2;6,8;13,9
2024-07-08;14,3;7,9;20,1
2024-07-09;18,7;13,2;23,5
2024-07-10;19,8;14,3;24,6
2024-07-11;16,5;13,5;21,4
2024-07-12;17,1;14,1;20,3
2024-07-13;13,1;9,5;16,9
2024-07-14;14,3;9,2;20,1
2024-07-15;18,7;13,5;24,1
2024-07-16;15,6;10,2;20,3
2024-07-17;14,0;9,6;19,7
2024-07-18;15,1;10,5;19,9
2024-07-19;17,4;13,3;21,9
2024-07-20;18,5;14,7;23,4
2024-07-21;19,8;15,8;25,8
2024-07-22;15,3;11,0;18,8
2024-07-23;15,2;10,6;20,6
2024-07-24;11,7;9,1;15,1
2024-07-25;13,1;7,7;19,1
2024-07-26;14,8;11,8;18,9
2024-07-27;16,2;12,8;20,9
2024-07-28;12,4;8,9;15,2
2024-07-29;12,6;8,4;17,7
2024-07-30;17,2;10,0;23,7
2024-07-31;20,1;14,6;26,7
2024-08-01;16,7;14,0;23,5
2024-08-02;12,5;9,7;14,8
2024-08-03;14,5;9,0;19,5
2024-08-04;13,2;9,9;17,7
2024-08-05;10,6;8,0;13,7
2024-08-06;14,6;9,6;20,5
2024-08-07;17,8;14,3;23,3
2024-08-08;13,9;11,6;17,0
2024-08-09;14,8;10,9;19,3
2024-08-10;15,5;10,8;21,4
2024-08-11;16,6;12,5;22,5
2024-08-12;18,9;12,2;25,0
2024-08-13;21,3;16,9;26,9
2024-08-14;19,5;15,2;23,9
2024-08-15;18,8;14,8;24,3
2024-08-16;18,6;13,9;24,6
2024-08-17;18,4;14,7;23,2
2024-08-18;15,8;13,0;19,6
2024-08-19;10,8;8,7;13,0
2024-08-20;14,8;10,6;18,6
2024-08-21;12,1;7,1;16,0
2024-08-22;11,8;7,0;17,7
2024-08-23;16,1;11,7;21,8
2024-08-24;19,9;14,2;25,3
2024-08-25;13,1;10,0;20,3
2024-08-26;12,9;8,9;17,5
2024-08-27;14,7;10,3;20,0
2024-08-28;18,0;13,2;22,6
2024-08-29;20,4;15,8;26,0
2024-08-30;19,8;14,1;23,5
2024-08-31;16,7;13,0;22,1
2024-09-01;18,2;14,6;23,3
2024-09-02;18,5;15,1;22,8
2024-09-03;19,2;15,1;24,2
2024-09-04;20,3;16,1;24,4
2024-09-05;18,3;13,9;23,4
2024-09-06;16,8;12,7;21,9
2024-09-07;17,1;12,8;21,2
2024-09-08;18,5;13,8;23,8
2024-09-09;10,6;8,2;13,9
2024-09-10;8,5;6,6;11,1
2024-09-11;6,1;3,6;8,2
2024-09-12;4,2;2,3;7,3
2024-09-13;2,6;1,7;3,7
2024-09-14;3,3;2,7;4,5
2024-09-15;3,6;1,9;4,9
2024-09-16;6,3;3,8;10,0
2024-09-17;10,8;9,0;13,3
2024-09-18;12,6;9,4;17,0
2024-09-19;11,0;8,0;14,9
2024-09-20;10,2;7,0;14,5
2024-09-21;10,9;7,3;14,7
2024-09-22;13,2;10,5;17,8
2024-09-23;13,0;10,4;18,0
2024-09-24;8,9;7,5;11,9
2024-09-25;8,6;7,5;10,9
2024-09-26;9,3;7,7;11,5
2024-09-27;7,0;4,5;10,7
2024-09-28;3,8;1,0;5,9
2024-09-29;2,5;0,9;6,4
2024-09-30;2,9;0,8;5,8
2024-10-01;5,8;4,3;7,8
2024-10-02;5,2;3,4;7,2
2024-10-03;3,4;2,4;5,0
2024-10-04;3,6;3,1;3,9
2024-10-05;2,6;1,8;3,5
2024-10-06;2,7;1,2;4,4
2024-10-07;8,0;4,1;10,7
2024-10-08;11,3;8,0;17,7
2024-10-09;8,8;6,5;11,7
2024-10-10;8,0;3,8;11,2
2024-10-11;1,8;-0,2;4,0
2024-10-12;1,9;-0,1;5,0
2024-10-13;3,3;1,0;7,1
2024-10-14;3,1;-0,3;8,5
2024-10-15;3,0;-0,4;7,6
2024-10-16;4,0;0,8;9,7
2024-10-17;7,6;2,5;17,3
2024-10-18;7,6;4,7;12,0
2024-10-19;8,9;7,0;11,0
2024-10-20;10,0;6,4;15,0
2024-10-21;11,1;8,5;13,3
2024-10-22;8,9;3,2;14,2
2024-10-23;4,8;2,4;8,9
2024-10-24;5,6;3,4;8,9
2024-10-25;11,8;8,9;17,2
2024-10-26;10,4;5,4;15,2
2024-10-27;10,8;7,6;14,7
2024-10-28;9,0;7,2;13,1
2024-10-29;8,4;6,7;12,1
2024-10-30;7,0;5,9;8,4
2024-10-31;5,5;3,8;7,8
2024-11-01;9,1;2,6;15,9
2024-11-02;2,2;-1,9;4,8
2024-11-03;4,1;-2,0;10,1
2024-11-04;7,5;3,3;12,3
2024-11-05;9,1;5,7;14,1
2024-11-06;5,4;-1,7;11,3
2024-11-07;4,0;-1,8;10,5
2024-11-08;-0,3;-1,4;3,0
2024-11-09;8,1;3,1;12,9
2024-11-10;6,4;1,4;11,0
2024-11-11;2,2;1,0;4,0
2024-11-12;-0,6;-3,9;2,2
2024-11-13;-2,3;-3,2;-1,4
2024-11-14;-0,6;-2,9;0,7
2024-11-15;-0,3;-1,8;0,5
2024-11-16;1,1;-3,4;5,8
2024-11-17;-2,0;-3,6;-0,9
2024-11-18;-2,9;-3,9;-1,8
2024-11-19;0,4;-3,3;2,8
2024-11-20;-4,8;-5,8;-3,0
2024-11-21;-6,7;-8,3;-5,4
2024-11-22;-6,8;-9,2;-4,7
2024-11-23;-5,6;-9,0;-4,0
2024-11-24;3,1;-4,3;9,4
2024-11-25;8,7;6,3;10,6
2024-11-26;2,8;0,6;6,3
2024-11-27;0,5;-1,0;1,9
2024-11-28;-0,6;-2,0;3,0
2024-11-29;-3,1;-5,2;-1,8
2024-11-30;-0,7;-5,2;4,1
2024-12-01;4,2;1,2;10,5
2024-12-02;2,9;1,2;4,4
2024-12-03;-0,5;-3,6;2,3
2024-12-04;-3,8;-5,0;-3,1
2024-12-05;-4,9;-6,2;-3,7
2024-12-06;-1,3;-3,7;0,0
2024-12-07;-1,9;-3,8;0,0
2024-12-08;-1,1;-2,7;0,0
2024-12-09;-3,8;-4,6;-2,7
2024-12-10;-3,2;-4,2;-1,3
2024-12-11;-3,4;-6,2;-0,1
2024-12-12;-1,1;-4,0;1,3
2024-12-13;-1,2;-3,1;0,6
2024-12-14;-4,5;-7,6;1,3
2024-12-15;-3,0;-4,5;0,1
2024-12-16;0,9;0,1;1,9
2024-12-17;0,5;-0,8;1,1
2024-12-18;2,1;-0,8;4,0
2024-12-19;2,3;-2,5;3,9
2024-12-20;-3,4;-5,0;-2,5
2024-12-21;-3,4;-5,5;-1,5
2024-12-22;-1,9;-4,9;-0,5
2024-12-23;-4,4;-6,0;-3,2
2024-12-24;-4,1;-5,2;-3,6
2024-12-25;-2,2;-5,7;0,9
2024-12-26;2,1;-1,1;5,0
2024-12-27;7,1;4,4;11,0
2024-12-28;7,0;5,0;11,8
2024-12-29;3,3;0,2;5,5
2024-12-30;2,5;-0,6;6,5
2024-12-31;2,1;-1,9;5,2
